{"obst": [0, 1, 2, 3, 4, 5, 6, 7, 8, 9, 10], "avg_times": [[39.01010410410413, 36.7527707707708, 38.57143743743747, 38.01610410410414, 39.504770770770804, 36.96343743743747, 37.087437437437465, 38.1187707707708, 39.81543743743747, 37.330770770770805], [38.014770770770795, 37.5207707707708, 39.505437437437465, 39.922104104104136, 39.3087707707708, 38.785437437437466, 39.01610410410414, 39.57610410410414, 38.24943743743747, 38.82077077077079], [42.431437437437474, 38.92143743743747, 38.8687707707708, 39.618104104104134, 38.6267707707708, 40.132770770770804, 38.482770770770806, 39.3847707707708, 39.688104104104134, 40.4647707707708], [38.75343743743747, 40.52143743743746, 40.99743743743746, 40.2147707707708, 38.242104104104136, 38.49410410410413, 37.730104104104136, 39.840770770770796, 41.066104104104134, 40.121437437437464], [41.4367707707708, 39.52943743743747, 41.50677077077081, 41.35010410410413, 42.20743743743747, 41.136104104104135, 40.49143743743746, 40.742104104104136, 41.20610410410413, 41.26943743743747], [43.5947707707708, 39.83543743743747, 44.2347707707708, 40.30210410410413, 41.66143743743746, 41.06743743743747, 41.51343743743747, 41.67743743743747, 42.4427707707708, 43.068770770770804], [41.822104104104135, 42.122770770770806, 42.47410410410413, 41.50943743743747, 40.47610410410414, 41.307437437437464, 40.90010410410414, 41.85143743743747, 40.32343743743746, 41.273437437437465], [42.106770770770794, 43.139437437437465, 39.7467707707708, 40.81610410410413, 43.27143743743746, 41.86743743743746, 45.28943743743747, 40.18343743743747, 44.014770770770795, 42.45943743743747], [40.4007707707708, 39.731437437437464, 44.01610410410414, 42.6927707707708, 42.21143743743747, 41.33543743743747, 41.9787707707708, 41.8447707707708, 41.78210410410413, 41.2507707707708], [43.6167707707708, 43.290104104104124, 42.94143743743747, 46.005437437437465, 41.25143743743747, 41.9307707707708, 44.666104104104136, 43.971437437437466, 45.432104104104134, 44.520770770770795], [42.53343743743747, 43.802770770770806, 40.33943743743747, 42.31610410410413, 45.0907707707708, 40.65210410410413, 44.03543743743746, 42.30343743743747, 44.73810410410413, 42.71343743743746]], "avg_std": [[6.2865370812797154, 6.41137268385637, 7.376522715863666, 6.773383904586028, 8.00413655021025, 5.319682951421573, 5.785115559844959, 7.489718840140609, 6.92172845696766, 6.764903950518052], [6.0930261916210515, 7.362928650213768, 7.086255643425919, 8.210408380535117, 7.1757123505003495, 6.54894036996486, 6.245444441893147, 6.505388347468732, 6.641021022122206, 6.1306078426309805], [7.795706983539322, 6.591140740408162, 6.628737460543905, 6.7019518931683075, 6.942047086753041, 7.384080764599223, 6.0559541787273625, 7.631294081439285, 6.995528935114467, 7.713038031898463], [6.700030870870098, 6.748271780905883, 9.352236861469697, 8.017753330014475, 7.401133617478164, 6.7294642804278535, 6.120601227975003, 8.264059572995112, 7.3924617371669346, 7.941998131742391], [7.647836920757933, 6.009072601457097, 7.725451590489483, 9.252925964872338, 8.771620439644547, 8.087655307386102, 6.785794694631609, 6.599138509988688, 7.7912459099223454, 8.15862328275566], [8.384357589265973, 6.656166337375295, 9.749094849870827, 7.162972236794979, 7.71063157772307, 6.721506641389989, 7.468212446889236, 7.822612570230047, 10.5960414102342, 8.145971418079904], [8.189763377005178, 8.912195132658386, 7.074190823697444, 7.790339037732573, 7.17920094904468, 7.629641053971217, 8.493349290880266, 9.276656336966479, 6.780008356208118, 7.553806597555781], [7.9984474488407376, 8.489511167993117, 6.713484308435706, 6.838345126166258, 8.774924794605456, 9.031443942173498, 10.096541715612942, 6.125160994050165, 9.691040453360882, 9.29984292741159], [6.900134512497969, 6.663684879821651, 9.681233139891816, 8.473109501542062, 8.395217881110895, 7.146257681348634, 7.367768231839559, 8.42353970782248, 7.195680436646173, 6.946715213192124], [10.277799239500768, 8.98495854001544, 8.807520365431168, 10.26350159767819, 7.258265818106599, 8.766885928870725, 9.17006260513049, 8.776083524054744, 9.583172771221571, 9.768512512938441], [8.191035934888111, 8.460895775010504, 7.073887854865509, 11.297127170929198, 8.850390344761117, 7.061281897020759, 9.01788928734475, 9.196195239060975, 9.678971666252801, 7.671861519178019]]}