{"obst": [0, 1, 2, 3, 4, 5, 6, 7, 8, 9, 10], "avg_times": [[36.53941658324995, 39.345916583249945, 38.41091658324995, 39.293916583249946, 38.65191658324995, 38.763916583249944, 37.85891658324995, 39.153916583249945, 38.357916583249946, 38.97741658324995], [37.43541658324995, 38.21341658324995, 39.63591658324995, 37.73441658324995, 38.86741658324995, 38.973916583249945, 37.996416583249946, 37.68891658324995, 38.26291658324995, 37.61441658324995], [38.73291658324995, 38.50791658324995, 40.58191658324995, 39.518416583249945, 38.18991658324995, 39.16841658324994, 38.63341658324995, 37.69541658324995, 37.89191658324995, 38.658416583249945], [38.08041658324995, 39.536416583249945, 41.21041658324995, 39.697416583249954, 39.57841658324995, 39.27541658324994, 39.566416583249946, 37.68741658324995, 41.368416583249946, 39.887416583249944], [39.15341658324994, 39.79841658324995, 39.15891658324995, 38.731416583249946, 39.91091658324994, 40.03691658324995, 38.808916583249946, 40.82241658324995, 39.70891658324995, 41.43441658324995], [40.43641658324995, 42.33591658324995, 40.305916583249946, 39.13891658324995, 39.070916583249954, 39.98491658324995, 40.06941658324995, 39.198416583249944, 40.29191658324995, 39.719916583249955], [41.072416583249954, 40.33341658324994, 39.12491658324995, 39.076416583249944, 41.02141658324996, 40.644916583249945, 39.66691658324995, 40.763416583249956, 40.68891658324995, 39.72541658324995], [40.74691658324995, 39.66441658324995, 40.91191658324995, 41.08491658324994, 42.25441658324995, 41.85291658324995, 40.43441658324994, 41.231416583249946, 41.30941658324995, 40.972416583249945], [41.561916583249946, 41.06291658324995, 40.31241658324995, 42.55741658324994, 41.74041658324995, 40.24991658324995, 42.32041658324995, 40.25591658324995, 40.53991658324995, 40.44891658324995], [40.90991658324995, 40.002416583249946, 39.67841658324995, 40.320416583249944, 40.89541658324995, 40.95241658324995, 41.25691658324995, 40.39541658324995, 41.955416583249956, 41.71891658324995], [40.86991658324995, 41.61041658324995, 42.438416583249946, 42.87891658324994, 40.00991658324995, 40.64441658324995, 41.54591658324995, 41.48541658324994, 40.41341658324995, 41.298416583249946]], "avg_std": [[5.1119938212000156, 7.621679467204714, 6.321216305703565, 6.455085841628956, 7.036189882242244, 8.104370275792126, 6.6155636129125295, 8.983489425152547, 6.007459050920861, 7.538419615329812], [6.170033619196993, 6.402785419666152, 6.739824878211954, 6.084229635767639, 7.561526768024829, 6.747922598027099, 6.022522487264125, 5.909986216423924, 6.650747679818392, 6.448492939570001], [7.526723470992179, 6.587348840693916, 7.072662148071963, 7.508983974957061, 6.999416431671984, 7.297186405864549, 7.775769385213564, 6.444039793174397, 5.846406108196534, 7.193973306021753], [6.975781059390244, 6.248081343337764, 7.598918101950168, 8.24100293183309, 6.964898543952626, 7.360737130541395, 6.9283528525238145, 6.441115667921202, 7.784092741758975, 6.991350006835392], [7.0688384236132915, 8.232197288372477, 6.75177403011951, 6.645542040207656, 6.717795396027781, 7.024180595315828, 5.970422920622422, 7.197390410550272, 7.083658154331224, 8.271914152171798], [7.012941470397879, 8.924511178921332, 6.728149757206499, 7.1539153601056364, 6.414092768840326, 7.292048135555175, 7.143326458781125, 6.847610797165335, 6.993883837232681, 6.17521417634235], [7.84197804529074, 7.788160592928668, 6.61744259199636, 6.943373489010968, 7.505440741436554, 7.278059227891769, 6.977259045381798, 8.34541384342585, 7.778199371322121, 7.272691134660261], [6.687597679682974, 7.5043964434060655, 7.462926839244577, 8.581872284675779, 7.6054771474115235, 8.691703066609401, 7.869111811243821, 7.52878029598671, 9.06647477111516, 7.510730582553837], [8.258588914281761, 7.3441931639315055, 7.5895779331283535, 7.808422005375981, 7.914330754510093, 7.053024526769893, 7.848596080463058, 7.493199794885707, 7.922087283064755, 7.031375555093937], [6.885841049613066, 6.460507638886535, 6.814036976399641, 7.567898633717468, 6.993061512418978, 6.419195477659661, 7.670566232178131, 7.36151898743016, 7.678039981995682, 8.47718069724931], [7.206053026481481, 8.404768620614046, 8.929152473763986, 8.327752797798276, 6.504260508184934, 7.953209988191901, 9.988612162984321, 9.40500463100728, 7.1564419835807245, 8.13733343821204]]}